{
    "max_seq_len": 49,
    "mean_flops": 3.1179465123240426,
    "std_flops": 3.1368309992177252,
    "mean_params": 0.17928722654249263,
    "std_params": 0.48277594659540923,
    "all_op_types": [
        "Concat",
        "Conv",
        "ConvTranspose",
        "MaxPool",
        "Relu"
    ]
}